asset,assetKey,forecastId,marketId,question,createdAt,qProb,qRaw,qCalGated,yesOdds,bestAsk,bestBid,cap2c,endDate,closed,outcomePrices,currentYesOdds,ticker,series,kind,anchor,status,result,event_ticker,strike_type,outcome,hoursToAnchor,cluster,side,gap,q_brier,market_brier,brier_delta,horizon,gapBand,entryAt,bid_close,ask_close,price,qSide,gapExec,spread,previouslyFinal,won,fee,return,alwaysYesReturn,qMinusAlwaysYesReturn
Gold,commodity:gold,6407d5e7-3b43-4bed-be53-2f1464d63697,kalshi:KXGOLDW-26AUG1417-T4329.99,"Will the gold close price be above 4329.99 USD/t.oz on August 14, 2026 at 5:00 PM EDT?",2026-08-08 12:06:21.546000+00:00,0.7292274725462387,0.7597409539804563,,0.53,,,,2026-08-14T21:00:00+00:00,True,,0.97,KXGOLDW-26AUG1417-T4329.99,KXGOLDW,week,2026-08-14 21:00:00+00:00,finalized,yes,KXGOLDW-26AUG1417,greater,1.0,152.894015,Gold|2026-08-14 21:00:00+00:00,YES,0.19922747254623863,0.07331776162369794,0.22089999999999999,-0.14758223837630205,3-7d,15-25pp,2026-08-08 14:00:00+00:00,0.51,0.54,0.54,0.7292274725462387,0.18922747254623862,0.030000000000000027,True,1.0,0.02,0.7857142857142856,0.7857142857142856,0.0
Copper,commodity:copper,8ed7987f-a3b2-4533-926a-a5aa02442dee,kalshi:KXCOPPERW-26AUG1417-T6.60,"Will the copper close price be above 6.60 USD/Lbs on August 14, 2026 at 5:00 PM EDT?",2026-08-08 12:06:45.837000+00:00,0.6019732631456411,0.4769910653807628,,0.51,,,,2026-08-14T21:00:00+00:00,True,,0.89,KXCOPPERW-26AUG1417-T6.60,KXCOPPERW,week,2026-08-14 21:00:00+00:00,finalized,yes,KXCOPPERW-26AUG1417,greater,1.0,152.88726749999998,Copper|2026-08-14 21:00:00+00:00,YES,0.09197326314564114,0.15842528325092903,0.24009999999999998,-0.08167471674907095,3-7d,5-15pp,2026-08-08 13:00:00+00:00,0.47,0.48,0.48,0.6019732631456411,0.12197326314564116,0.010000000000000009,True,1.0,0.02,1.0,1.0,0.0
Silver,commodity:silver,3877e607-3d80-4ec3-9b14-5900c0fad649,kalshi:KXSILVERW-26AUG1417-T63.99,"Will the silver close price be above 63.99 USD/t.oz on August 14, 2026 at 5:00 PM EDT?",2026-08-08 12:10:05.955000+00:00,0.7080674416445888,0.7917425874833132,,0.45,,,,2026-08-14T21:00:00+00:00,True,,0.99,KXSILVERW-26AUG1417-T63.99,KXSILVERW,week,2026-08-14 21:00:00+00:00,finalized,yes,KXSILVERW-26AUG1417,greater,1.0,152.83167916666667,Silver|2026-08-14 21:00:00+00:00,YES,0.2580674416445888,0.08522461862793557,0.30250000000000005,-0.21727538137206448,3-7d,>=25pp,2026-08-08 14:00:00+00:00,0.45,0.47,0.47,0.7080674416445888,0.23806744164458882,0.019999999999999962,True,1.0,0.02,1.0408163265306123,1.0408163265306123,0.0
WTI Crude Oil,commodity:wti,9d032cce-33fd-4acc-b1dc-112ee0206b4d,kalshi:KXWTIW-26AUG1414-B82.50,"Will the WTI crude oil settlement price be between 82.00 and 82.99 USD/Bbl on Aug 14, 2026?",2026-08-13 12:11:20.004000+00:00,0.3119535446981081,0.3237029040661389,,0.17,,,,2026-08-14T18:30:00+00:00,True,,0.87,KXWTIW-26AUG1414-B82.50,KXWTIW,week,2026-08-14 18:30:00+00:00,finalized,yes,KXWTIW-26AUG1414,between,1.0,30.31111,WTI Crude Oil|2026-08-14 18:30:00+00:00,YES,0.1419535446981081,0.47340792465349835,0.6889,-0.2154920753465016,1-3d,5-15pp,2026-08-13 13:00:00+00:00,0.14,0.16,0.16,0.3119535446981081,0.1519535446981081,0.01999999999999999,True,1.0,0.01,4.88235294117647,4.88235294117647,0.0
Gold,commodity:gold,e7e3aa48-cc46-421f-9887-b1a1cebb003e,kalshi:KXGOLDW-26AUG2117-T4395.99,"Will the gold close price be above 4395.99 USD/t.oz on August 21, 2026 at 5:00 PM EDT?",2026-08-15 12:05:47.702000+00:00,0.6616269308158153,0.6820686311342937,,0.46,,,,2026-08-21T21:00:00+00:00,True,,0.99,KXGOLDW-26AUG2117-T4395.99,KXGOLDW,week,2026-08-21 21:00:00+00:00,finalized,yes,KXGOLDW-26AUG2117,greater,1.0,152.90341611111108,Gold|2026-08-21 21:00:00+00:00,YES,0.20162693081581523,0.11449633394912508,0.2916,-0.17710366605087496,3-7d,15-25pp,2026-08-15 13:00:00+00:00,0.43,0.45,0.45,0.6616269308158153,0.21162693081581524,0.020000000000000018,True,1.0,0.02,1.127659574468085,1.127659574468085,0.0
Gold,commodity:gold,05b0c0aa-a520-414c-86ae-0da5dfdf73ac,kalshi:KXGOLDD-26AUG1717-T4384,"Will the gold close price be above 4384 USD/t.oz on August 17, 2026 at 5:00 PM EDT?",2026-08-16 00:03:56.063000+00:00,0.5983060128124424,0.4745787800401481,,0.52,,,,2026-08-17T21:00:00+00:00,True,,0.99,KXGOLDD-26AUG1717-T4384,KXGOLDD,day,2026-08-17 21:00:00+00:00,finalized,yes,KXGOLDD-26AUG1717,greater,1.0,44.934426944444446,Gold|2026-08-17 21:00:00+00:00,YES,0.07830601281244243,0.16135805934263767,0.2304,-0.06904194065736233,1-3d,5-15pp,2026-08-16 01:00:00+00:00,0.48,0.52,0.52,0.5983060128124424,0.07830601281244243,0.040000000000000036,True,1.0,0.02,0.8518518518518517,0.8518518518518517,0.0
Copper,commodity:copper,71e3ebcb-caa9-4063-93d3-d9a298e51af1,kalshi:KXCOPPERW-26AUG2117-T6.81,"Will the copper close price be above 6.81 USD/Lbs on August 21, 2026 at 5:00 PM EDT?",2026-08-16 12:07:25.670000+00:00,0.2549789305497429,0.1860773087714425,,0.18,,,,2026-08-21T21:00:00+00:00,True,,0.01,KXCOPPERW-26AUG2117-T6.81,KXCOPPERW,week,2026-08-21 21:00:00+00:00,finalized,no,KXCOPPERW-26AUG2117,greater,0.0,128.8762027777778,Copper|2026-08-21 21:00:00+00:00,YES,0.07497893054974292,0.06501425502429062,0.0324,0.03261425502429062,3-7d,5-15pp,2026-08-16 13:00:00+00:00,0.18,0.19,0.19,0.2549789305497429,0.06497893054974291,0.010000000000000009,True,0.0,0.02,-1.0,-1.0,0.0
Silver,commodity:silver,8ed21cda-b08c-429f-b3e5-da68aaa7a112,kalshi:KXSILVERW-26AUG2117-T65.99,"Will the silver close price be above 65.99 USD/t.oz on August 21, 2026 at 5:00 PM EDT?",2026-08-16 12:18:20.677000+00:00,0.5945732809603647,0.659602231345066,,0.35,,,,2026-08-21T21:00:00+00:00,True,,0.99,KXSILVERW-26AUG2117-T65.99,KXSILVERW,week,2026-08-21 21:00:00+00:00,finalized,yes,KXSILVERW-26AUG2117,greater,1.0,128.69425638888887,Silver|2026-08-21 21:00:00+00:00,YES,0.24457328096036468,0.1643708245112434,0.42250000000000004,-0.25812917548875663,3-7d,15-25pp,2026-08-16 13:00:00+00:00,0.33,0.36,0.36,0.5945732809603647,0.23457328096036467,0.02999999999999997,True,1.0,0.02,1.631578947368421,1.631578947368421,0.0
WTI Crude Oil,commodity:wti,52f1fbc4-ac92-4cb0-80c1-dd9cdc5e958b,kalshi:KXWTIW-26AUG2114-B85.50,"Will the WTI crude oil settlement price be between 85.00 and 85.99 USD/Bbl on Aug 21, 2026?",2026-08-19 12:58:11.937000+00:00,0.3382019125159265,0.4118787221054891,,0.15,,,,2026-08-21T18:30:00+00:00,True,,0.02,KXWTIW-26AUG2114-B85.50,KXWTIW,week,2026-08-21 18:30:00+00:00,finalized,no,KXWTIW-26AUG2114,between,0.0,53.5300175,WTI Crude Oil|2026-08-21 18:30:00+00:00,YES,0.18820191251592652,0.11438053362943042,0.0225,0.09188053362943041,1-3d,15-25pp,2026-08-19 13:00:00+00:00,0.12,0.13,0.13,0.3382019125159265,0.2082019125159265,0.010000000000000009,True,0.0,0.01,-1.0,-1.0,0.0
Copper,commodity:copper,d880a50e-ad5d-4a49-aa1e-659b37a11534,kalshi:KXCOPPERD-26AUG2017-T6.44,"Will the copper close price be above 6.44 USD/Lbs on August 20, 2026 at 5:00 PM EDT?",2026-08-20 03:42:25.914000+00:00,0.8477156053986987,0.8619887951311167,,0.71,,,,2026-08-20T21:00:00+00:00,True,,0.98,KXCOPPERD-26AUG2017-T6.44,KXCOPPERD,day,2026-08-20 21:00:00+00:00,finalized,yes,KXCOPPERD-26AUG2017,greater,1.0,17.292801666666666,Copper|2026-08-20 21:00:00+00:00,YES,0.13771560539869876,0.023190536839084838,0.08410000000000002,-0.06090946316091518,6-24h,5-15pp,2026-08-20 04:00:00+00:00,0.78,0.79,0.79,0.8477156053986987,0.05771560539869869,0.010000000000000009,True,1.0,0.02,0.23456790123456786,0.23456790123456786,0.0
Gold,commodity:gold,acc90bdd-7479-49dc-8af0-29ebfb46a364,kalshi:KXGOLDD-26AUG2017-T4471,"Will the gold close price be above 4471 USD/t.oz on August 20, 2026 at 5:00 PM EDT?",2026-08-20 03:52:28.674000+00:00,0.8502014853705561,0.8844694226071733,,0.68,,,,2026-08-20T21:00:00+00:00,True,,0.99,KXGOLDD-26AUG2017-T4471,KXGOLDD,day,2026-08-20 21:00:00+00:00,finalized,yes,KXGOLDD-26AUG2017,greater,1.0,17.125368333333334,Gold|2026-08-20 21:00:00+00:00,YES,0.17020148537055602,0.02243959498518773,0.10239999999999996,-0.07996040501481223,6-24h,15-25pp,2026-08-20 04:00:00+00:00,0.71,0.73,0.73,0.8502014853705561,0.12020148537055608,0.020000000000000018,True,1.0,0.02,0.3333333333333333,0.3333333333333333,0.0
Silver,commodity:silver,1abbb018-6b76-428d-aec9-61122d802f1b,kalshi:KXSILVERD-26AUG2017-T66,"Will the silver close price be above 66 USD/t.oz on August 20, 2026 at 5:00 PM EDT?",2026-08-20 04:13:22.018000+00:00,0.8824539978301398,0.8991768463791254,,0.76,,,,2026-08-20T21:00:00+00:00,True,,0.99,KXSILVERD-26AUG2017-T66,KXSILVERD,day,2026-08-20 21:00:00+00:00,finalized,yes,KXSILVERD-26AUG2017,greater,1.0,16.777217222222223,Silver|2026-08-20 21:00:00+00:00,YES,0.12245399783013977,0.013817062626116783,0.0576,-0.04378293737388322,6-24h,5-15pp,2026-08-20 05:00:00+00:00,0.76,0.8,0.8,0.8824539978301398,0.08245399783013974,0.040000000000000036,True,1.0,0.02,0.21951219512195116,0.21951219512195116,0.0
Bitcoin,crypto:btc,3a02889f-e7fd-4d6b-9d77-cca7833a94af,kalshi:KXBTCD-26AUG2117-T67999.99,"Bitcoin price on Aug 21, 2026?",2026-08-20 04:34:17.810000+00:00,0.8503158690479078,0.8791670904719399,,0.69,,,,2026-08-21T21:05:00+00:00,True,,0.99,KXBTCD-26AUG2117-T67999.99,KXBTCD,day,2026-08-21 21:00:00+00:00,finalized,yes,KXBTCD-26AUG2117,greater,1.0,40.42838611111111,Bitcoin|2026-08-21 21:00:00+00:00,YES,0.16031586904790784,0.02240533905888309,0.09610000000000003,-0.07369466094111694,1-3d,15-25pp,2026-08-20 05:00:00+00:00,0.78,0.8,0.8,0.8503158690479078,0.050315869047907746,0.020000000000000018,True,1.0,0.02,0.21951219512195116,0.21951219512195116,0.0
Bitcoin,crypto:btc,45c434bb-526f-4ca7-960e-448628a00ccb,kalshi:KXBTCD-26AUG2017-T69749.99,"Bitcoin price on Aug 20, 2026?",2026-08-20 04:34:51.882000+00:00,0.5210615242860818,0.6363945701986679,,0.25,,,,2026-08-20T21:05:00+00:00,True,,0.99,KXBTCD-26AUG2017-T69749.99,KXBTCD,day,2026-08-20 21:00:00+00:00,finalized,yes,KXBTCD-26AUG2017,greater,1.0,16.418921666666666,Bitcoin|2026-08-20 21:00:00+00:00,YES,0.27106152428608177,0.22938206351917145,0.5625,-0.33311793648082855,6-24h,>=25pp,2026-08-20 05:00:00+00:00,0.38,0.39,0.39,0.5210615242860818,0.13106152428608175,0.010000000000000009,True,1.0,0.02,1.4390243902439022,1.4390243902439022,0.0
Copper,commodity:copper,70228fe8-cd43-4180-9c1c-853dc85611ce,kalshi:KXCOPPERD-26AUG2417-T6.64,"Will the copper close price be above 6.64 USD/Lbs on August 24, 2026 at 5:00 PM EDT?",2026-08-22 00:02:11.974000+00:00,0.3529886349254652,0.3070002464078993,,0.23,,,,2026-08-24T21:00:00+00:00,True,,0.01,KXCOPPERD-26AUG2417-T6.64,KXCOPPERD,day,2026-08-24 21:00:00+00:00,finalized,no,KXCOPPERD-26AUG2417,greater,0.0,68.96334055555556,Copper|2026-08-24 21:00:00+00:00,YES,0.12298863492546516,0.12460097638654333,0.0529,0.07170097638654332,1-3d,5-15pp,2026-08-22 01:00:00+00:00,0.13,0.15,0.15,0.3529886349254652,0.20298863492546518,0.01999999999999999,True,0.0,0.01,-1.0,-1.0,0.0
Gold,commodity:gold,2bbe7153-09e8-43e6-aa80-1b2222116461,kalshi:KXGOLDD-26AUG2417-T4608,"Will the gold close price be above 4608 USD/t.oz on August 24, 2026 at 5:00 PM EDT?",2026-08-22 00:11:07.720000+00:00,0.6992233245836079,0.7037182842152788,,0.52,,,,2026-08-24T21:00:00+00:00,True,,0.98,KXGOLDD-26AUG2417-T4608,KXGOLDD,day,2026-08-24 21:00:00+00:00,finalized,yes,KXGOLDD-26AUG2417,greater,1.0,68.81452222222222,Gold|2026-08-24 21:00:00+00:00,YES,0.1792233245836079,0.09046660847453768,0.2304,-0.1399333915254623,1-3d,15-25pp,2026-08-22 01:00:00+00:00,0.47,0.5,0.5,0.6992233245836079,0.19922332458360792,0.030000000000000027,True,1.0,0.02,0.923076923076923,0.923076923076923,0.0
Silver,commodity:silver,7e45923f-bc99-43d9-8290-1d58cce2cea4,kalshi:KXSILVERD-26AUG2417-T69,"Will the silver close price be above 69 USD/t.oz on August 24, 2026 at 5:00 PM EDT?",2026-08-22 00:22:11.312000+00:00,0.6802068575593596,0.6820686245570706,,0.5,,,,2026-08-24T21:00:00+00:00,True,,0.05,KXSILVERD-26AUG2417-T69,KXSILVERD,day,2026-08-24 21:00:00+00:00,finalized,no,KXSILVERD-26AUG2417,greater,0.0,68.63019111111112,Silver|2026-08-24 21:00:00+00:00,YES,0.1802068575593596,0.46268136907077895,0.25,0.21268136907077895,1-3d,15-25pp,2026-08-22 01:00:00+00:00,0.49,0.51,0.51,0.6802068575593596,0.1702068575593596,0.020000000000000018,True,0.0,0.02,-1.0,-1.0,0.0
Copper,commodity:copper,3c6e23c6-9bb5-47a6-b7fb-cccf7900457f,kalshi:KXCOPPERW-26AUG2817-T6.39,"Will the copper close price be above 6.39 USD/Lbs on August 28, 2026 at 5:00 PM EDT?",2026-08-22 00:48:10.383000+00:00,0.6821250703687387,0.6821250703687387,,,,,,2026-08-28T21:00:00+00:00,True,,0.99,KXCOPPERW-26AUG2817-T6.39,KXCOPPERW,week,2026-08-28 21:00:00+00:00,finalized,yes,KXCOPPERW-26AUG2817,greater,1.0,164.19711583333333,Copper|2026-08-28 21:00:00+00:00,NO,,0.10104447088807932,,,3-7d,,2026-08-22 01:00:00+00:00,0.83,0.87,0.17000000000000004,0.3178749296312613,0.14787492963126125,0.040000000000000036,False,0.0,0.01,-1.0,0.13636363636363638,-1.1363636363636365
Gold,commodity:gold,92229642-5cf0-4f4d-812d-ea7fed08b5b5,kalshi:KXGOLDW-26AUG2817-T4616.99,"Will the gold close price be above 4616.99 USD/t.oz on August 28, 2026 at 5:00 PM EDT?",2026-08-22 00:50:25.992000+00:00,0.6878247900370296,0.7443329851860331,,0.45,,,,2026-08-28T21:00:00+00:00,True,,0.04,KXGOLDW-26AUG2817-T4616.99,KXGOLDW,week,2026-08-28 21:00:00+00:00,finalized,no,KXGOLDW-26AUG2817,greater,0.0,164.15944666666667,Gold|2026-08-28 21:00:00+00:00,YES,0.23782479003702955,0.4731029417894838,0.2025,0.2706029417894838,3-7d,15-25pp,2026-08-22 01:00:00+00:00,0.44,0.48,0.48,0.6878247900370296,0.20782479003702958,0.03999999999999998,False,0.0,0.02,-1.0,-1.0,0.0
Silver,commodity:silver,58dd5169-efd1-4d84-a8b6-bb95176d0fa5,kalshi:KXSILVERW-26AUG2817-T66.99,"Will the silver close price be above 66.99 USD/t.oz on August 28, 2026 at 5:00 PM EDT?",2026-08-22 00:55:12.686000+00:00,0.835538877893736,0.8288467296564324,,0.72,,,,2026-08-28T21:00:00+00:00,True,,0.04,KXSILVERW-26AUG2817-T66.99,KXSILVERW,week,2026-08-28 21:00:00+00:00,finalized,no,KXSILVERW-26AUG2817,greater,0.0,164.07980944444444,Silver|2026-08-28 21:00:00+00:00,YES,0.11553887789373607,0.6981252164719236,0.5184,0.17972521647192363,3-7d,5-15pp,2026-08-22 01:00:00+00:00,0.72,0.73,0.73,0.835538877893736,0.10553887789373606,0.010000000000000009,False,0.0,0.02,-1.0,-1.0,0.0
Bitcoin,crypto:btc,48ed052d-9fc0-4e09-b55e-94ca8c23e070,kalshi:KXBTCD-26AUG2217-T77249.99,"Bitcoin price on Aug 22, 2026?",2026-08-22 01:28:15.467000+00:00,0.8968065977041506,0.9200144289197266,,0.77,,,,2026-08-22T21:05:00+00:00,True,,0.86,KXBTCD-26AUG2217-T77249.99,KXBTCD,day,2026-08-22 21:00:00+00:00,finalized,yes,KXBTCD-26AUG2217,greater,1.0,19.529036944444442,Bitcoin|2026-08-22 21:00:00+00:00,YES,0.1268065977041506,0.010648878277393014,0.05289999999999999,-0.04225112172260698,6-24h,5-15pp,2026-08-22 02:00:00+00:00,0.7,0.71,0.71,0.8968065977041506,0.18680659770415065,0.010000000000000009,True,1.0,0.02,0.36986301369863017,0.36986301369863017,0.0
Bitcoin,crypto:btc,c596bfb9-5cd1-428b-a854-0bd41e46001b,kalshi:KXBTCD-26AUG2817-T77999.99,"Bitcoin price on Aug 28, 2026?",2026-08-22 01:34:52.438000+00:00,0.6903133695716595,0.7037182785237713,,0.5,,,,2026-08-28T21:05:00+00:00,True,,0.01,KXBTCD-26AUG2817-T77999.99,KXBTCD,day,2026-08-28 21:00:00+00:00,finalized,no,KXBTCD-26AUG2817,greater,0.0,163.41876722222224,Bitcoin|2026-08-28 21:00:00+00:00,YES,0.19031336957165945,0.47653254820937846,0.25,0.22653254820937846,3-7d,15-25pp,2026-08-22 02:00:00+00:00,0.46,0.48,0.48,0.6903133695716595,0.21031336957165947,0.019999999999999962,False,0.0,0.02,-1.0,-1.0,0.0
Copper,commodity:copper,261c63f2-1d80-494f-abb5-54daf0e6d65b,kalshi:KXCOPPERW-26AUG2817-T6.57,"Will the copper close price be above 6.57 USD/Lbs on August 28, 2026 at 5:00 PM EDT?",2026-08-22 04:08:36.051000+00:00,0.5791016651513686,0.5,,0.46,,,,2026-08-28T21:00:00+00:00,True,,0.09,KXCOPPERW-26AUG2817-T6.57,KXCOPPERW,week,2026-08-28 21:00:00+00:00,finalized,yes,KXCOPPERW-26AUG2817,greater,1.0,160.8566525,Copper|2026-08-28 21:00:00+00:00,YES,0.11910166515136861,0.1771554082783506,0.2916,-0.11444459172164942,3-7d,5-15pp,2026-08-22 05:00:00+00:00,0.29,0.33,0.33,0.5791016651513686,0.2491016651513686,0.040000000000000036,False,1.0,0.02,1.8571428571428568,1.8571428571428568,0.0
Bitcoin,crypto:btc,bd3e391c-fba5-4ae8-9b31-dbfb1826a779,kalshi:KXBTCD-26AUG2317-T76499.99,"Bitcoin price on Aug 23, 2026?",2026-08-23 01:08:39.881000+00:00,0.8473090510182246,0.8736561853602435,,0.69,,,,2026-08-23T21:05:00+00:00,True,,0.99,KXBTCD-26AUG2317-T76499.99,KXBTCD,day,2026-08-23 21:00:00+00:00,finalized,yes,KXBTCD-26AUG2317,greater,1.0,19.855588611111113,Bitcoin|2026-08-23 21:00:00+00:00,YES,0.15730905101822468,0.02331452590095513,0.09610000000000003,-0.0727854740990449,6-24h,15-25pp,2026-08-23 02:00:00+00:00,0.72,0.73,0.73,0.8473090510182246,0.11730905101822464,0.010000000000000009,True,1.0,0.02,0.3333333333333333,0.3333333333333333,0.0
WTI Crude Oil,commodity:wti,3d38bb6b-471c-4eaa-a3c2-61f28f1f3612,kalshi:KXWTI-26AUG2414-T87.99,"Will the WTI crude oil settlement price be above 87.99 USD/Bbl on Aug 24, 2026?",2026-08-23 08:08:52.403000+00:00,0.4107430788914386,0.3996099618606888,,0.25,,,,2026-08-24T18:30:00+00:00,True,,0.02,KXWTI-26AUG2414-T87.99,KXWTI,day,2026-08-24 18:30:00+00:00,finalized,no,KXWTI-26AUG2414,greater,0.0,34.352110277777776,WTI Crude Oil|2026-08-24 18:30:00+00:00,YES,0.16074307889143857,0.16870987685721853,0.0625,0.10620987685721853,1-3d,15-25pp,2026-08-23 09:00:00+00:00,0.23,0.26,0.26,0.4107430788914386,0.15074307889143856,0.03,True,0.0,0.02,-1.0,-1.0,0.0
WTI Crude Oil,commodity:wti,764e7b11-ea05-41b7-a863-2f0857f55c53,kalshi:KXWTI-26AUG2514-T85.49,"Will the WTI crude oil settlement price be above 85.49 USD/Bbl on Aug 25, 2026?",2026-08-23 08:35:07.726000+00:00,0.8313319583888602,0.855822901975899,,0.67,,,,2026-08-25T18:30:00+00:00,True,,0.01,KXWTI-26AUG2514-T85.49,KXWTI,day,2026-08-25 18:30:00+00:00,finalized,no,KXWTI-26AUG2514,greater,0.0,57.914520555555555,WTI Crude Oil|2026-08-25 18:30:00+00:00,YES,0.16133195838886016,0.6911128250386576,0.4489000000000001,0.2422128250386575,1-3d,15-25pp,2026-08-23 09:00:00+00:00,0.63,0.67,0.67,0.8313319583888602,0.16133195838886016,0.040000000000000036,False,0.0,0.02,-1.0,-1.0,0.0
Bitcoin,crypto:btc,c07ca6a0-82d2-4250-a3c9-ef626df6f9ee,kalshi:KXBTCD-26AUG2417-T77999.99,"Bitcoin price on Aug 24, 2026?",2026-08-24 08:44:32.207000+00:00,0.4553091096001245,0.3754600698082156,,0.34,,,,2026-08-24T21:05:00+00:00,True,,0.99,KXBTCD-26AUG2417-T77999.99,KXBTCD,day,2026-08-24 21:00:00+00:00,finalized,yes,KXBTCD-26AUG2417,greater,1.0,12.257720277777777,Bitcoin|2026-08-24 21:00:00+00:00,YES,0.11530910960012447,0.2966881660846092,0.4355999999999999,-0.1389118339153907,6-24h,5-15pp,2026-08-24 09:00:00+00:00,0.21,0.24,0.24,0.4553091096001245,0.2153091096001245,0.03,True,1.0,0.02,2.846153846153846,2.846153846153846,0.0
WTI Crude Oil,commodity:wti,98866f05-b843-44fc-b078-416aeac24e60,kalshi:KXWTIW-26AUG2814-B84.50,"Will the WTI crude oil settlement price be between 84.00 and 84.99 USD/Bbl on Aug 28, 2026?",2026-08-24 23:18:55.609000+00:00,0.2844157583495044,0.3290668890888876,,0.13,,,,2026-08-28T18:30:00+00:00,True,,0.02,KXWTIW-26AUG2814-B84.50,KXWTIW,week,2026-08-28 18:30:00+00:00,finalized,no,KXWTIW-26AUG2814,between,0.0,91.18455305555555,WTI Crude Oil|2026-08-28 18:30:00+00:00,YES,0.15441575834950438,0.08089232359752367,0.016900000000000002,0.06399232359752367,3-7d,15-25pp,2026-08-25 00:00:00+00:00,0.1,0.12,0.12,0.2844157583495044,0.1644157583495044,0.01999999999999999,False,0.0,0.01,-1.0,-1.0,0.0
WTI Crude Oil,commodity:wti,b8cceb99-205f-4432-99dd-bb11c84ef79d,kalshi:KXWTI-26AUG2614-T85.49,"Will the WTI crude oil settlement price be above 85.49 USD/Bbl on Aug 26, 2026?",2026-08-25 00:06:05.453000+00:00,0.6195270505962089,0.6125341244043473,,0.44,,,,2026-08-26T18:30:00+00:00,True,,0.01,KXWTI-26AUG2614-T85.49,KXWTI,day,2026-08-26 18:30:00+00:00,finalized,no,KXWTI-26AUG2614,greater,0.0,42.39848527777777,WTI Crude Oil|2026-08-26 18:30:00+00:00,YES,0.17952705059620894,0.38381376642043763,0.1936,0.19021376642043764,1-3d,15-25pp,2026-08-25 01:00:00+00:00,0.34,0.38,0.38,0.6195270505962089,0.23952705059620893,0.03999999999999998,False,0.0,0.02,-1.0,-1.0,0.0
Copper,commodity:copper,b03d20bf-e1e9-472e-b1b4-c6407dabb549,kalshi:KXCOPPERD-26AUG2517-T6.56,"Will the copper close price be above 6.56 USD/Lbs on August 25, 2026 at 5:00 PM EDT?",2026-08-25 04:06:47.412000+00:00,0.7998839228832225,0.8215067689261552,,0.63,,,,2026-08-25T21:00:00+00:00,True,,0.99,KXCOPPERD-26AUG2517-T6.56,KXCOPPERD,day,2026-08-25 21:00:00+00:00,finalized,yes,KXCOPPERD-26AUG2517,greater,1.0,16.88683,Copper|2026-08-25 21:00:00+00:00,YES,0.16988392288322252,0.040046444320608034,0.1369,-0.09685355567939197,6-24h,15-25pp,2026-08-25 05:00:00+00:00,0.61,0.64,0.64,0.7998839228832225,0.1598839228832225,0.030000000000000027,False,1.0,0.02,0.515151515151515,0.515151515151515,0.0
Gold,commodity:gold,5d6b3abb-a66e-4d02-8228-4fc2b724ac78,kalshi:KXGOLDD-26AUG2517-T4608,"Will the gold close price be above 4608 USD/t.oz on August 25, 2026 at 5:00 PM EDT?",2026-08-25 04:12:48.914000+00:00,0.88373916194658,0.8895682871802721,,0.78,,,,2026-08-25T21:00:00+00:00,True,,0.99,KXGOLDD-26AUG2517-T4608,KXGOLDD,day,2026-08-25 21:00:00+00:00,finalized,yes,KXGOLDD-26AUG2517,greater,1.0,16.78641277777778,Gold|2026-08-25 21:00:00+00:00,YES,0.10373916194657995,0.013516582464883558,0.04839999999999999,-0.03488341753511644,6-24h,5-15pp,2026-08-25 05:00:00+00:00,0.63,0.66,0.66,0.88373916194658,0.22373916194657995,0.030000000000000027,False,1.0,0.02,0.47058823529411753,0.47058823529411753,0.0
Silver,commodity:silver,c72f6086-3e65-4644-8b40-ff2d8e5da28c,kalshi:KXSILVERD-26AUG2517-T66.75,"Will the silver close price be above 66.75 USD/t.oz on August 25, 2026 at 5:00 PM EDT?",2026-08-25 04:18:42.856000+00:00,0.9129091001794511,0.945299745072453,,0.77,,,,2026-08-25T21:00:00+00:00,True,,0.98,KXSILVERD-26AUG2517-T66.75,KXSILVERD,day,2026-08-25 21:00:00+00:00,finalized,yes,KXSILVERD-26AUG2517,greater,1.0,16.688095555555556,Silver|2026-08-25 21:00:00+00:00,YES,0.14290910017945113,0.007584824831552876,0.05289999999999999,-0.04531517516844712,6-24h,5-15pp,2026-08-25 05:00:00+00:00,0.82,0.86,0.86,0.9129091001794511,0.05290910017945116,0.040000000000000036,False,1.0,0.01,0.14942528735632185,0.14942528735632185,0.0
Bitcoin,crypto:btc,908b78ea-6415-4a35-9292-10d4bd8ebf7d,kalshi:KXBTCD-26AUG2517-T80499.99,"Bitcoin price on Aug 25, 2026?",2026-08-25 04:35:50.981000+00:00,0.6781500361501726,0.7345294828899583,,0.44,,,,2026-08-25T21:05:00+00:00,True,,0.01,KXBTCD-26AUG2517-T80499.99,KXBTCD,day,2026-08-25 21:00:00+00:00,finalized,no,KXBTCD-26AUG2517,greater,0.0,16.402505277777777,Bitcoin|2026-08-25 21:00:00+00:00,YES,0.23815003615017255,0.4598874715304803,0.1936,0.2662874715304803,6-24h,15-25pp,2026-08-25 05:00:00+00:00,0.43,0.44,0.44,0.6781500361501726,0.23815003615017255,0.010000000000000009,False,0.0,0.02,-1.0,-1.0,0.0
